trial0_4_0.25, 000600, 90, 142, PRDE, 13235, 20, 661.750000, ZIC, 21840, 20, 1092.000000, ZIP, 13701, 20, 685.050000, 
trial1_4_0.25, 000600, 94, 121, PRDE, 10151, 20, 507.550000, ZIC, 17145, 20, 857.250000, ZIP, 19153, 20, 957.650000, 
trial2_4_0.25, 000600, 94, 123, PRDE, 11505, 20, 575.250000, ZIC, 10860, 20, 543.000000, ZIP, 22863, 20, 1143.150000, 
trial3_4_0.25, 000600, 117, 125, PRDE, 10268, 20, 513.400000, ZIC, 27823, 20, 1391.150000, ZIP, 10847, 20, 542.350000, 
trial4_4_0.25, 000600, 79, 95, PRDE, 14745, 20, 737.250000, ZIC, 13642, 20, 682.100000, ZIP, 20491, 20, 1024.550000, 
trial5_4_0.25, 000600, 93, 146, PRDE, 13566, 20, 678.300000, ZIC, 14867, 20, 743.350000, ZIP, 17096, 20, 854.800000, 
trial6_4_0.25, 000600, 89, 123, PRDE, 19783, 20, 989.150000, ZIC, 15494, 20, 774.700000, ZIP, 11284, 20, 564.200000, 
trial7_4_0.25, 000600, 105, 127, PRDE, 12001, 20, 600.050000, ZIC, 22929, 20, 1146.450000, ZIP, 14451, 20, 722.550000, 
trial8_4_0.25, 000600, 95, 112, PRDE, 12037, 20, 601.850000, ZIC, 12051, 20, 602.550000, ZIP, 23344, 20, 1167.200000, 
trial9_4_0.25, 000600, 114, 146, PRDE, 15377, 20, 768.850000, ZIC, 12623, 20, 631.150000, ZIP, 17556, 20, 877.800000, 
trial10_4_0.25, 000600, 95, 157, PRDE, 11899, 20, 594.950000, ZIC, 17714, 20, 885.700000, ZIP, 17309, 20, 865.450000, 
trial11_4_0.25, 000600, 102, 115, PRDE, 7048, 20, 352.400000, ZIC, 15660, 20, 783.000000, ZIP, 24415, 20, 1220.750000, 
trial12_4_0.25, 000600, 102, 146, PRDE, 16674, 20, 833.700000, ZIC, 14092, 20, 704.600000, ZIP, 15983, 20, 799.150000, 
trial13_4_0.25, 000600, 90, 152, PRDE, 9038, 20, 451.900000, ZIC, 19940, 20, 997.000000, ZIP, 21301, 20, 1065.050000, 
trial14_4_0.25, 000600, 89, 140, PRDE, 13314, 20, 665.700000, ZIC, 11832, 20, 591.600000, ZIP, 20031, 20, 1001.550000, 
trial15_4_0.25, 000600, 102, 115, PRDE, 11984, 20, 599.200000, ZIC, 12700, 20, 635.000000, ZIP, 23540, 20, 1177.000000, 
trial16_4_0.25, 000600, 95, 115, PRDE, 9635, 20, 481.750000, ZIC, 20276, 20, 1013.800000, ZIP, 16480, 20, 824.000000, 
trial17_4_0.25, 000600, 73, 152, PRDE, 12318, 20, 615.900000, ZIC, 12955, 20, 647.750000, ZIP, 22933, 20, 1146.650000, 
trial18_4_0.25, 000600, 94, 125, PRDE, 15877, 20, 793.850000, ZIC, 12803, 20, 640.150000, ZIP, 19679, 20, 983.950000, 
trial19_4_0.25, 000600, 97, 121, PRDE, 12556, 20, 627.800000, ZIC, 17488, 20, 874.400000, ZIP, 17659, 20, 882.950000, 
trial20_4_0.25, 000600, 71, 122, PRDE, 14707, 20, 735.350000, ZIC, 17936, 20, 896.800000, ZIP, 16685, 20, 834.250000, 
trial21_4_0.25, 000600, 99, 108, PRDE, 19584, 20, 979.200000, ZIC, 14751, 20, 737.550000, ZIP, 11155, 20, 557.750000, 
trial22_4_0.25, 000600, 92, 145, PRDE, 21779, 20, 1088.950000, ZIC, 10813, 20, 540.650000, ZIP, 14160, 20, 708.000000, 
trial23_4_0.25, 000600, 102, 146, PRDE, 14104, 20, 705.200000, ZIC, 13890, 20, 694.500000, ZIP, 20421, 20, 1021.050000, 
trial24_4_0.25, 000600, 100, 125, PRDE, 11190, 20, 559.500000, ZIC, 20808, 20, 1040.400000, ZIP, 14335, 20, 716.750000, 
trial25_4_0.25, 000600, 72, 122, PRDE, 9315, 20, 465.750000, ZIC, 15385, 20, 769.250000, ZIP, 22032, 20, 1101.600000, 
trial26_4_0.25, 000600, 101, 129, PRDE, 12549, 20, 627.450000, ZIC, 11836, 20, 591.800000, ZIP, 21716, 20, 1085.800000, 
trial27_4_0.25, 000600, 91, 112, PRDE, 13676, 20, 683.800000, ZIC, 16176, 20, 808.800000, ZIP, 17102, 20, 855.100000, 
trial28_4_0.25, 000600, 100, 122, PRDE, 17053, 20, 852.650000, ZIC, 10791, 20, 539.550000, ZIP, 18847, 20, 942.350000, 
trial29_4_0.25, 000600, 108, 112, PRDE, 5761, 20, 288.050000, ZIC, 14598, 20, 729.900000, ZIP, 25404, 20, 1270.200000, 
trial30_4_0.25, 000600, 88, 137, PRDE, 17046, 20, 852.300000, ZIC, 17352, 20, 867.600000, ZIP, 16016, 20, 800.800000, 
trial31_4_0.25, 000600, 81, 116, PRDE, 18223, 20, 911.150000, ZIC, 15381, 20, 769.050000, ZIP, 14883, 20, 744.150000, 
trial32_4_0.25, 000600, 95, 117, PRDE, 8085, 20, 404.250000, ZIC, 23601, 20, 1180.050000, ZIP, 14994, 20, 749.700000, 
trial33_4_0.25, 000600, 83, 125, PRDE, 17282, 20, 864.100000, ZIC, 15046, 20, 752.300000, ZIP, 14093, 20, 704.650000, 
trial34_4_0.25, 000600, 82, 125, PRDE, 15027, 20, 751.350000, ZIC, 13932, 20, 696.600000, ZIP, 18351, 20, 917.550000, 
trial35_4_0.25, 000600, 77, 138, PRDE, 12196, 20, 609.800000, ZIC, 22466, 20, 1123.300000, ZIP, 13407, 20, 670.350000, 
trial36_4_0.25, 000600, 88, 112, PRDE, 16600, 20, 830.000000, ZIC, 21938, 20, 1096.900000, ZIP, 8888, 20, 444.400000, 
trial37_4_0.25, 000600, 88, 127, PRDE, 13412, 20, 670.600000, ZIC, 16778, 20, 838.900000, ZIP, 18214, 20, 910.700000, 
trial38_4_0.25, 000600, 98, 152, PRDE, 15909, 20, 795.450000, ZIC, 13072, 20, 653.600000, ZIP, 17442, 20, 872.100000, 
trial39_4_0.25, 000600, 83, 114, PRDE, 14396, 20, 719.800000, ZIC, 19003, 20, 950.150000, ZIP, 14884, 20, 744.200000, 
trial40_4_0.25, 000600, 106, 123, PRDE, 7820, 20, 391.000000, ZIC, 16412, 20, 820.600000, ZIP, 24638, 20, 1231.900000, 
trial41_4_0.25, 000600, 103, 137, PRDE, 14159, 20, 707.950000, ZIC, 13601, 20, 680.050000, ZIP, 20384, 20, 1019.200000, 
trial42_4_0.25, 000600, 85, 126, PRDE, 17203, 20, 860.150000, ZIC, 14051, 20, 702.550000, ZIP, 17108, 20, 855.400000, 
trial43_4_0.25, 000600, 117, 141, PRDE, 7316, 20, 365.800000, ZIC, 13562, 20, 678.100000, ZIP, 24265, 20, 1213.250000, 
trial44_4_0.25, 000600, 94, 148, PRDE, 15446, 20, 772.300000, ZIC, 17713, 20, 885.650000, ZIP, 17155, 20, 857.750000, 
trial45_4_0.25, 000600, 79, 123, PRDE, 22649, 20, 1132.450000, ZIC, 10297, 20, 514.850000, ZIP, 16468, 20, 823.400000, 
trial46_4_0.25, 000600, 107, 125, PRDE, 12290, 20, 614.500000, ZIC, 14660, 20, 733.000000, ZIP, 23140, 20, 1157.000000, 
trial47_4_0.25, 000600, 70, 157, PRDE, 12999, 20, 649.950000, ZIC, 14323, 20, 716.150000, ZIP, 21082, 20, 1054.100000, 
trial48_4_0.25, 000600, 108, 115, PRDE, 10771, 20, 538.550000, ZIC, 16757, 20, 837.850000, ZIP, 20601, 20, 1030.050000, 
trial49_4_0.25, 000600, 93, 132, PRDE, 12055, 20, 602.750000, ZIC, 15694, 20, 784.700000, ZIP, 19997, 20, 999.850000, 
trial0_4_0.5, 000600, 96, 149, PRDE, 9303, 20, 465.150000, ZIC, 19223, 20, 961.150000, ZIP, 20795, 20, 1039.750000, 
trial1_4_0.5, 000600, 81, 168, PRDE, 17534, 20, 876.700000, ZIC, 11149, 20, 557.450000, ZIP, 20717, 20, 1035.850000, 
trial2_4_0.5, 000600, 72, 109, PRDE, 14003, 20, 700.150000, ZIC, 14284, 20, 714.200000, ZIP, 20078, 20, 1003.900000, 
trial3_4_0.5, 000600, 88, 134, PRDE, 16825, 20, 841.250000, ZIC, 21043, 20, 1052.150000, ZIP, 6504, 20, 325.200000, 
trial4_4_0.5, 000600, 83, 142, PRDE, 11657, 20, 582.850000, ZIC, 13770, 20, 688.500000, ZIP, 22174, 20, 1108.700000, 
trial5_4_0.5, 000600, 75, 127, PRDE, 16936, 20, 846.800000, ZIC, 15983, 20, 799.150000, ZIP, 13832, 20, 691.600000, 
trial6_4_0.5, 000600, 102, 120, PRDE, 13944, 20, 697.200000, ZIC, 17305, 20, 865.250000, ZIP, 17976, 20, 898.800000, 
trial7_4_0.5, 000600, 95, 148, PRDE, 11288, 20, 564.400000, ZIC, 18882, 20, 944.100000, ZIP, 18274, 20, 913.700000, 
trial8_4_0.5, 000600, 95, 107, PRDE, 20456, 20, 1022.800000, ZIC, 9685, 20, 484.250000, ZIP, 18672, 20, 933.600000, 
trial9_4_0.5, 000600, 89, 121, PRDE, 8370, 20, 418.500000, ZIC, 24347, 20, 1217.350000, ZIP, 15360, 20, 768.000000, 
trial10_4_0.5, 000600, 89, 140, PRDE, 8192, 20, 409.600000, ZIC, 19400, 20, 970.000000, ZIP, 19334, 20, 966.700000, 
trial11_4_0.5, 000600, 78, 172, PRDE, 21800, 20, 1090.000000, ZIC, 7335, 20, 366.750000, ZIP, 19144, 20, 957.200000, 
trial12_4_0.5, 000600, 81, 163, PRDE, 14378, 20, 718.900000, ZIC, 17773, 20, 888.650000, ZIP, 17543, 20, 877.150000, 
trial13_4_0.5, 000600, 91, 113, PRDE, 17645, 20, 882.250000, ZIC, 14866, 20, 743.300000, ZIP, 13069, 20, 653.450000, 
trial14_4_0.5, 000600, 88, 140, PRDE, 11401, 20, 570.050000, ZIC, 21298, 20, 1064.900000, ZIP, 15795, 20, 789.750000, 
trial15_4_0.5, 000600, 88, 140, PRDE, 18277, 20, 913.850000, ZIC, 12002, 20, 600.100000, ZIP, 16822, 20, 841.100000, 
trial16_4_0.5, 000600, 125, 134, PRDE, 14075, 20, 703.750000, ZIC, 19326, 20, 966.300000, ZIP, 11889, 20, 594.450000, 
trial17_4_0.5, 000600, 88, 125, PRDE, 13683, 20, 684.150000, ZIC, 14095, 20, 704.750000, ZIP, 22404, 20, 1120.200000, 
trial18_4_0.5, 000600, 92, 127, PRDE, 9085, 20, 454.250000, ZIC, 20979, 20, 1048.950000, ZIP, 19434, 20, 971.700000, 
trial19_4_0.5, 000600, 82, 127, PRDE, 15446, 20, 772.300000, ZIC, 21125, 20, 1056.250000, ZIP, 10381, 20, 519.050000, 
trial20_4_0.5, 000600, 90, 149, PRDE, 13552, 20, 677.600000, ZIC, 10042, 20, 502.100000, ZIP, 21642, 20, 1082.100000, 
trial21_4_0.5, 000600, 102, 115, PRDE, 12338, 20, 616.900000, ZIC, 17122, 20, 856.100000, ZIP, 19149, 20, 957.450000, 
trial22_4_0.5, 000600, 97, 155, PRDE, 17814, 20, 890.700000, ZIC, 9063, 20, 453.150000, ZIP, 19616, 20, 980.800000, 
trial23_4_0.5, 000600, 89, 134, PRDE, 15959, 20, 797.950000, ZIC, 11717, 20, 585.850000, ZIP, 17791, 20, 889.550000, 
trial24_4_0.5, 000600, 95, 135, PRDE, 14225, 20, 711.250000, ZIC, 9032, 20, 451.600000, ZIP, 21964, 20, 1098.200000, 
trial25_4_0.5, 000600, 88, 117, PRDE, 15245, 20, 762.250000, ZIC, 19041, 20, 952.050000, ZIP, 14999, 20, 749.950000, 
trial26_4_0.5, 000600, 96, 125, PRDE, 20938, 20, 1046.900000, ZIC, 9242, 20, 462.100000, ZIP, 16640, 20, 832.000000, 
trial27_4_0.5, 000600, 79, 110, PRDE, 22256, 20, 1112.800000, ZIC, 8140, 20, 407.000000, ZIP, 16905, 20, 845.250000, 
trial28_4_0.5, 000600, 95, 111, PRDE, 9789, 20, 489.450000, ZIC, 16963, 20, 848.150000, ZIP, 22758, 20, 1137.900000, 
trial29_4_0.5, 000600, 94, 104, PRDE, 11016, 20, 550.800000, ZIC, 13040, 20, 652.000000, ZIP, 22255, 20, 1112.750000, 
trial30_4_0.5, 000600, 76, 147, PRDE, 19329, 20, 966.450000, ZIC, 10547, 20, 527.350000, ZIP, 14946, 20, 747.300000, 
trial31_4_0.5, 000600, 86, 134, PRDE, 13120, 20, 656.000000, ZIC, 15220, 20, 761.000000, ZIP, 17540, 20, 877.000000, 
trial32_4_0.5, 000600, 87, 116, PRDE, 15070, 20, 753.500000, ZIC, 15524, 20, 776.200000, ZIP, 18197, 20, 909.850000, 
trial33_4_0.5, 000600, 88, 139, PRDE, 20484, 20, 1024.200000, ZIC, 17482, 20, 874.100000, ZIP, 10259, 20, 512.950000, 
trial34_4_0.5, 000600, 105, 114, PRDE, 11503, 20, 575.150000, ZIC, 15903, 20, 795.150000, ZIP, 19157, 20, 957.850000, 
trial35_4_0.5, 000600, 79, 135, PRDE, 19341, 20, 967.050000, ZIC, 12482, 20, 624.100000, ZIP, 17610, 20, 880.500000, 
trial36_4_0.5, 000600, 88, 103, PRDE, 13729, 20, 686.450000, ZIC, 18018, 20, 900.900000, ZIP, 15636, 20, 781.800000, 
trial37_4_0.5, 000600, 101, 146, PRDE, 14989, 20, 749.450000, ZIC, 18216, 20, 910.800000, ZIP, 15423, 20, 771.150000, 
trial38_4_0.5, 000600, 102, 127, PRDE, 10494, 20, 524.700000, ZIC, 10697, 20, 534.850000, ZIP, 24801, 20, 1240.050000, 
trial39_4_0.5, 000600, 87, 109, PRDE, 13235, 20, 661.750000, ZIC, 15921, 20, 796.050000, ZIP, 19719, 20, 985.950000, 
trial40_4_0.5, 000600, 80, 124, PRDE, 18423, 20, 921.150000, ZIC, 12707, 20, 635.350000, ZIP, 17917, 20, 895.850000, 
trial41_4_0.5, 000600, 94, 128, PRDE, 19677, 20, 983.850000, ZIC, 14973, 20, 748.650000, ZIP, 11966, 20, 598.300000, 
trial42_4_0.5, 000600, 64, 114, PRDE, 13722, 20, 686.100000, ZIC, 16612, 20, 830.600000, ZIP, 15712, 20, 785.600000, 
trial43_4_0.5, 000600, 89, 134, PRDE, 10350, 20, 517.500000, ZIC, 18437, 20, 921.850000, ZIP, 18146, 20, 907.300000, 
trial44_4_0.5, 000600, 119, 132, PRDE, 18742, 20, 937.100000, ZIC, 12153, 20, 607.650000, ZIP, 15408, 20, 770.400000, 
trial45_4_0.5, 000600, 113, 120, PRDE, 18449, 20, 922.450000, ZIC, 13297, 20, 664.850000, ZIP, 18746, 20, 937.300000, 
trial46_4_0.5, 000600, 83, 135, PRDE, 19637, 20, 981.850000, ZIC, 12650, 20, 632.500000, ZIP, 17690, 20, 884.500000, 
trial47_4_0.5, 000600, 72, 128, PRDE, 16273, 20, 813.650000, ZIC, 15597, 20, 779.850000, ZIP, 16793, 20, 839.650000, 
trial48_4_0.5, 000600, 90, 115, PRDE, 15067, 20, 753.350000, ZIC, 18063, 20, 903.150000, ZIP, 14783, 20, 739.150000, 
trial49_4_0.5, 000600, 89, 115, PRDE, 10704, 20, 535.200000, ZIC, 20724, 20, 1036.200000, ZIP, 13474, 20, 673.700000, 
trial0_4_0.75, 000600, 82, 122, PRDE, 9999, 20, 499.950000, ZIC, 17614, 20, 880.700000, ZIP, 20792, 20, 1039.600000, 
trial1_4_0.75, 000600, 80, 103, PRDE, 10121, 20, 506.050000, ZIC, 14620, 20, 731.000000, ZIP, 24096, 20, 1204.800000, 
trial2_4_0.75, 000600, 89, 125, PRDE, 12237, 20, 611.850000, ZIC, 8301, 20, 415.050000, ZIP, 26927, 20, 1346.350000, 
trial3_4_0.75, 000600, 77, 135, PRDE, 14791, 20, 739.550000, ZIC, 10213, 20, 510.650000, ZIP, 21971, 20, 1098.550000, 
trial4_4_0.75, 000600, 110, 122, PRDE, 12288, 20, 614.400000, ZIC, 20856, 20, 1042.800000, ZIP, 13349, 20, 667.450000, 
trial5_4_0.75, 000600, 114, 137, PRDE, 13219, 20, 660.950000, ZIC, 18910, 20, 945.500000, ZIP, 15758, 20, 787.900000, 
trial6_4_0.75, 000600, 89, 117, PRDE, 15181, 20, 759.050000, ZIC, 13758, 20, 687.900000, ZIP, 19981, 20, 999.050000, 
trial7_4_0.75, 000600, 90, 139, PRDE, 9288, 20, 464.400000, ZIC, 19805, 20, 990.250000, ZIP, 17991, 20, 899.550000, 
trial8_4_0.75, 000600, 99, 128, PRDE, 17631, 20, 881.550000, ZIC, 14932, 20, 746.600000, ZIP, 15656, 20, 782.800000, 
trial9_4_0.75, 000600, 96, 122, PRDE, 14882, 20, 744.100000, ZIC, 12896, 20, 644.800000, ZIP, 20024, 20, 1001.200000, 
trial10_4_0.75, 000600, 99, 101, PRDE, 14201, 20, 710.050000, ZIC, 11171, 20, 558.550000, ZIP, 19496, 20, 974.800000, 
trial11_4_0.75, 000600, 95, 136, PRDE, 16703, 20, 835.150000, ZIC, 12240, 20, 612.000000, ZIP, 17653, 20, 882.650000, 
trial12_4_0.75, 000600, 97, 130, PRDE, 16679, 20, 833.950000, ZIC, 16839, 20, 841.950000, ZIP, 11863, 20, 593.150000, 
trial13_4_0.75, 000600, 84, 113, PRDE, 14305, 20, 715.250000, ZIC, 15012, 20, 750.600000, ZIP, 18015, 20, 900.750000, 
trial14_4_0.75, 000600, 108, 133, PRDE, 15292, 20, 764.600000, ZIC, 14913, 20, 745.650000, ZIP, 16849, 20, 842.450000, 
trial15_4_0.75, 000600, 89, 120, PRDE, 10797, 20, 539.850000, ZIC, 13416, 20, 670.800000, ZIP, 22784, 20, 1139.200000, 
trial16_4_0.75, 000600, 123, 134, PRDE, 17124, 20, 856.200000, ZIC, 13931, 20, 696.550000, ZIP, 17181, 20, 859.050000, 
trial17_4_0.75, 000600, 71, 146, PRDE, 16951, 20, 847.550000, ZIC, 16006, 20, 800.300000, ZIP, 14125, 20, 706.250000, 
trial18_4_0.75, 000600, 73, 131, PRDE, 12091, 20, 604.550000, ZIC, 17432, 20, 871.600000, ZIP, 17674, 20, 883.700000, 
trial19_4_0.75, 000600, 129, 133, PRDE, 17121, 20, 856.050000, ZIC, 14182, 20, 709.100000, ZIP, 13059, 20, 652.950000, 
trial20_4_0.75, 000600, 62, 131, PRDE, 24640, 20, 1232.000000, ZIC, 6011, 20, 300.550000, ZIP, 16440, 20, 822.000000, 
trial21_4_0.75, 000600, 103, 128, PRDE, 11935, 20, 596.750000, ZIC, 19727, 20, 986.350000, ZIP, 16000, 20, 800.000000, 
trial22_4_0.75, 000600, 77, 165, PRDE, 17130, 20, 856.500000, ZIC, 12729, 20, 636.450000, ZIP, 17053, 20, 852.650000, 
trial23_4_0.75, 000600, 83, 103, PRDE, 9047, 20, 452.350000, ZIC, 17051, 20, 852.550000, ZIP, 21533, 20, 1076.650000, 
trial24_4_0.75, 000600, 89, 123, PRDE, 10046, 20, 502.300000, ZIC, 10874, 20, 543.700000, ZIP, 25336, 20, 1266.800000, 
trial25_4_0.75, 000600, 118, 125, PRDE, 14027, 20, 701.350000, ZIC, 14942, 20, 747.100000, ZIP, 17706, 20, 885.300000, 
trial26_4_0.75, 000600, 130, 132, PRDE, 17874, 20, 893.700000, ZIC, 10442, 20, 522.100000, ZIP, 19904, 20, 995.200000, 
trial27_4_0.75, 000600, 105, 111, PRDE, 8782, 20, 439.100000, ZIC, 15960, 20, 798.000000, ZIP, 24039, 20, 1201.950000, 
trial28_4_0.75, 000600, 89, 101, PRDE, 16100, 20, 805.000000, ZIC, 17620, 20, 881.000000, ZIP, 13909, 20, 695.450000, 
trial29_4_0.75, 000600, 95, 126, PRDE, 8970, 20, 448.500000, ZIC, 16630, 20, 831.500000, ZIP, 20973, 20, 1048.650000, 
trial30_4_0.75, 000600, 65, 121, PRDE, 12179, 20, 608.950000, ZIC, 21744, 20, 1087.200000, ZIP, 14230, 20, 711.500000, 
trial31_4_0.75, 000600, 74, 122, PRDE, 17618, 20, 880.900000, ZIC, 17413, 20, 870.650000, ZIP, 13876, 20, 693.800000, 
trial32_4_0.75, 000600, 80, 114, PRDE, 12961, 20, 648.050000, ZIC, 12082, 20, 604.100000, ZIP, 21104, 20, 1055.200000, 
trial33_4_0.75, 000600, 101, 104, PRDE, 21590, 20, 1079.500000, ZIC, 8700, 20, 435.000000, ZIP, 17144, 20, 857.200000, 
trial34_4_0.75, 000600, 80, 121, PRDE, 11702, 20, 585.100000, ZIC, 22319, 20, 1115.950000, ZIP, 15276, 20, 763.800000, 
trial35_4_0.75, 000600, 119, 134, PRDE, 10311, 20, 515.550000, ZIC, 18732, 20, 936.600000, ZIP, 16604, 20, 830.200000, 
trial36_4_0.75, 000600, 102, 149, PRDE, 11321, 20, 566.050000, ZIC, 16427, 20, 821.350000, ZIP, 19100, 20, 955.000000, 
trial37_4_0.75, 000600, 86, 136, PRDE, 13945, 20, 697.250000, ZIC, 15166, 20, 758.300000, ZIP, 18029, 20, 901.450000, 
trial38_4_0.75, 000600, 56, 141, PRDE, 12670, 20, 633.500000, ZIC, 12705, 20, 635.250000, ZIP, 23033, 20, 1151.650000, 
trial39_4_0.75, 000600, 99, 128, PRDE, 12396, 20, 619.800000, ZIC, 17265, 20, 863.250000, ZIP, 18384, 20, 919.200000, 
trial40_4_0.75, 000600, 99, 135, PRDE, 10235, 20, 511.750000, ZIC, 15953, 20, 797.650000, ZIP, 21014, 20, 1050.700000, 
trial41_4_0.75, 000600, 109, 115, PRDE, 14259, 20, 712.950000, ZIC, 14677, 20, 733.850000, ZIP, 18833, 20, 941.650000, 
trial42_4_0.75, 000600, 89, 156, PRDE, 15545, 20, 777.250000, ZIC, 7970, 20, 398.500000, ZIP, 23591, 20, 1179.550000, 
trial43_4_0.75, 000600, 89, 129, PRDE, 13082, 20, 654.100000, ZIC, 13350, 20, 667.500000, ZIP, 18414, 20, 920.700000, 
trial44_4_0.75, 000600, 84, 118, PRDE, 16316, 20, 815.800000, ZIC, 8001, 20, 400.050000, ZIP, 24330, 20, 1216.500000, 
trial45_4_0.75, 000600, 76, 107, PRDE, 20762, 20, 1038.100000, ZIC, 9018, 20, 450.900000, ZIP, 17753, 20, 887.650000, 
trial46_4_0.75, 000600, 92, 103, PRDE, 9478, 20, 473.900000, ZIC, 9634, 20, 481.700000, ZIP, 28874, 20, 1443.700000, 
trial47_4_0.75, 000600, 98, 134, PRDE, 10698, 20, 534.900000, ZIC, 19049, 20, 952.450000, ZIP, 20277, 20, 1013.850000, 
trial48_4_0.75, 000600, 95, 122, PRDE, 11465, 20, 573.250000, ZIC, 19580, 20, 979.000000, ZIP, 15854, 20, 792.700000, 
trial49_4_0.75, 000600, 88, 143, PRDE, 9638, 20, 481.900000, ZIC, 20162, 20, 1008.100000, ZIP, 19785, 20, 989.250000, 
trial0_4_1, 000600, 71, 138, PRDE, 8814, 20, 440.700000, ZIC, 15955, 20, 797.750000, ZIP, 23635, 20, 1181.750000, 
trial1_4_1, 000600, 96, 115, PRDE, 17646, 20, 882.300000, ZIC, 14548, 20, 727.400000, ZIP, 15531, 20, 776.550000, 
trial2_4_1, 000600, 75, 162, PRDE, 20273, 20, 1013.650000, ZIC, 7026, 20, 351.300000, ZIP, 20925, 20, 1046.250000, 
trial3_4_1, 000600, 93, 139, PRDE, 11586, 20, 579.300000, ZIC, 17370, 20, 868.500000, ZIP, 19736, 20, 986.800000, 
trial4_4_1, 000600, 88, 149, PRDE, 11046, 20, 552.300000, ZIC, 28162, 20, 1408.100000, ZIP, 10356, 20, 517.800000, 
trial5_4_1, 000600, 79, 140, PRDE, 11730, 20, 586.500000, ZIC, 20690, 20, 1034.500000, ZIP, 14961, 20, 748.050000, 
trial6_4_1, 000600, 99, 116, PRDE, 19643, 20, 982.150000, ZIC, 15528, 20, 776.400000, ZIP, 14227, 20, 711.350000, 
trial7_4_1, 000600, 88, 136, PRDE, 11496, 20, 574.800000, ZIC, 23699, 20, 1184.950000, ZIP, 11179, 20, 558.950000, 
trial8_4_1, 000600, 108, 148, PRDE, 11975, 20, 598.750000, ZIC, 11780, 20, 589.000000, ZIP, 23286, 20, 1164.300000, 
trial9_4_1, 000600, 83, 128, PRDE, 11612, 20, 580.600000, ZIC, 19990, 20, 999.500000, ZIP, 16677, 20, 833.850000, 
trial10_4_1, 000600, 64, 142, PRDE, 16077, 20, 803.850000, ZIC, 11579, 20, 578.950000, ZIP, 21945, 20, 1097.250000, 
trial11_4_1, 000600, 91, 122, PRDE, 19318, 20, 965.900000, ZIC, 11426, 20, 571.300000, ZIP, 18479, 20, 923.950000, 
trial12_4_1, 000600, 102, 115, PRDE, 7608, 20, 380.400000, ZIC, 14838, 20, 741.900000, ZIP, 24424, 20, 1221.200000, 
trial13_4_1, 000600, 77, 129, PRDE, 17427, 20, 871.350000, ZIC, 10761, 20, 538.050000, ZIP, 19253, 20, 962.650000, 
trial14_4_1, 000600, 77, 107, PRDE, 15928, 20, 796.400000, ZIC, 15369, 20, 768.450000, ZIP, 17910, 20, 895.500000, 
trial15_4_1, 000600, 74, 115, PRDE, 14359, 20, 717.950000, ZIC, 15494, 20, 774.700000, ZIP, 17244, 20, 862.200000, 
trial16_4_1, 000600, 115, 127, PRDE, 8395, 20, 419.750000, ZIC, 11614, 20, 580.700000, ZIP, 28143, 20, 1407.150000, 
trial17_4_1, 000600, 86, 122, PRDE, 10956, 20, 547.800000, ZIC, 15674, 20, 783.700000, ZIP, 22286, 20, 1114.300000, 
trial18_4_1, 000600, 113, 140, PRDE, 8345, 20, 417.250000, ZIC, 19544, 20, 977.200000, ZIP, 19556, 20, 977.800000, 
trial19_4_1, 000600, 87, 128, PRDE, 24162, 20, 1208.100000, ZIC, 14722, 20, 736.100000, ZIP, 8671, 20, 433.550000, 
trial20_4_1, 000600, 107, 152, PRDE, 17593, 20, 879.650000, ZIC, 13918, 20, 695.900000, ZIP, 15206, 20, 760.300000, 
trial21_4_1, 000600, 82, 110, PRDE, 14425, 20, 721.250000, ZIC, 13368, 20, 668.400000, ZIP, 20278, 20, 1013.900000, 
trial22_4_1, 000600, 110, 158, PRDE, 20393, 20, 1019.650000, ZIC, 12249, 20, 612.450000, ZIP, 16788, 20, 839.400000, 
trial23_4_1, 000600, 83, 141, PRDE, 8320, 20, 416.000000, ZIC, 23074, 20, 1153.700000, ZIP, 17052, 20, 852.600000, 
trial24_4_1, 000600, 82, 116, PRDE, 18204, 20, 910.200000, ZIC, 12563, 20, 628.150000, ZIP, 16522, 20, 826.100000, 
trial25_4_1, 000600, 89, 138, PRDE, 12262, 20, 613.100000, ZIC, 15915, 20, 795.750000, ZIP, 19637, 20, 981.850000, 
trial26_4_1, 000600, 93, 135, PRDE, 18762, 20, 938.100000, ZIC, 17769, 20, 888.450000, ZIP, 12003, 20, 600.150000, 
trial27_4_1, 000600, 68, 101, PRDE, 19936, 20, 996.800000, ZIC, 17203, 20, 860.150000, ZIP, 11261, 20, 563.050000, 
trial28_4_1, 000600, 90, 157, PRDE, 14897, 20, 744.850000, ZIC, 17509, 20, 875.450000, ZIP, 15307, 20, 765.350000, 
trial29_4_1, 000600, 85, 141, PRDE, 15707, 20, 785.350000, ZIC, 14460, 20, 723.000000, ZIP, 16528, 20, 826.400000, 
trial30_4_1, 000600, 81, 121, PRDE, 13260, 20, 663.000000, ZIC, 17317, 20, 865.850000, ZIP, 16866, 20, 843.300000, 
trial31_4_1, 000600, 70, 152, PRDE, 18265, 20, 913.250000, ZIC, 10508, 20, 525.400000, ZIP, 19727, 20, 986.350000, 
trial32_4_1, 000600, 107, 111, PRDE, 13438, 20, 671.900000, ZIC, 15475, 20, 773.750000, ZIP, 19478, 20, 973.900000, 
trial33_4_1, 000600, 79, 134, PRDE, 15532, 20, 776.600000, ZIC, 14440, 20, 722.000000, ZIP, 17016, 20, 850.800000, 
trial34_4_1, 000600, 95, 134, PRDE, 7158, 20, 357.900000, ZIC, 16452, 20, 822.600000, ZIP, 22186, 20, 1109.300000, 
trial35_4_1, 000600, 100, 109, PRDE, 19933, 20, 996.650000, ZIC, 15144, 20, 757.200000, ZIP, 12126, 20, 606.300000, 
trial36_4_1, 000600, 89, 131, PRDE, 14131, 20, 706.550000, ZIC, 12482, 20, 624.100000, ZIP, 22465, 20, 1123.250000, 
trial37_4_1, 000600, 64, 111, PRDE, 14343, 20, 717.150000, ZIC, 17899, 20, 894.950000, ZIP, 15409, 20, 770.450000, 
trial38_4_1, 000600, 71, 97, PRDE, 16678, 20, 833.900000, ZIC, 15265, 20, 763.250000, ZIP, 16677, 20, 833.850000, 
trial39_4_1, 000600, 95, 120, PRDE, 6767, 20, 338.350000, ZIC, 21111, 20, 1055.550000, ZIP, 18685, 20, 934.250000, 
trial40_4_1, 000600, 77, 132, PRDE, 19063, 20, 953.150000, ZIC, 20456, 20, 1022.800000, ZIP, 6134, 20, 306.700000, 
trial41_4_1, 000600, 102, 121, PRDE, 16378, 20, 818.900000, ZIC, 14683, 20, 734.150000, ZIP, 14924, 20, 746.200000, 
trial42_4_1, 000600, 83, 136, PRDE, 19674, 20, 983.700000, ZIC, 12487, 20, 624.350000, ZIP, 14225, 20, 711.250000, 
trial43_4_1, 000600, 112, 134, PRDE, 16684, 20, 834.200000, ZIC, 9074, 20, 453.700000, ZIP, 21739, 20, 1086.950000, 
trial44_4_1, 000600, 91, 114, PRDE, 9867, 20, 493.350000, ZIC, 17060, 20, 853.000000, ZIP, 20202, 20, 1010.100000, 
trial45_4_1, 000600, 80, 135, PRDE, 13690, 20, 684.500000, ZIC, 16690, 20, 834.500000, ZIP, 17843, 20, 892.150000, 
trial46_4_1, 000600, 92, 138, PRDE, 12253, 20, 612.650000, ZIC, 17055, 20, 852.750000, ZIP, 16947, 20, 847.350000, 
trial47_4_1, 000600, 102, 147, PRDE, 18743, 20, 937.150000, ZIC, 16377, 20, 818.850000, ZIP, 14093, 20, 704.650000, 
trial48_4_1, 000600, 82, 111, PRDE, 11591, 20, 579.550000, ZIC, 16608, 20, 830.400000, ZIP, 18651, 20, 932.550000, 
trial49_4_1, 000600, 107, 138, PRDE, 13588, 20, 679.400000, ZIC, 15814, 20, 790.700000, ZIP, 16289, 20, 814.450000, 
trial0_4_1.25, 000600, 75, 108, PRDE, 19244, 20, 962.200000, ZIC, 13676, 20, 683.800000, ZIP, 16124, 20, 806.200000, 
trial1_4_1.25, 000600, 97, 113, PRDE, 14587, 20, 729.350000, ZIC, 18789, 20, 939.450000, ZIP, 16253, 20, 812.650000, 
trial2_4_1.25, 000600, 69, 119, PRDE, 16753, 20, 837.650000, ZIC, 14547, 20, 727.350000, ZIP, 18168, 20, 908.400000, 
trial3_4_1.25, 000600, 77, 121, PRDE, 18521, 20, 926.050000, ZIC, 16451, 20, 822.550000, ZIP, 13136, 20, 656.800000, 
trial4_4_1.25, 000600, 99, 153, PRDE, 23389, 20, 1169.450000, ZIC, 9971, 20, 498.550000, ZIP, 14718, 20, 735.900000, 
trial5_4_1.25, 000600, 106, 124, PRDE, 7672, 20, 383.600000, ZIC, 14759, 20, 737.950000, ZIP, 25920, 20, 1296.000000, 
trial6_4_1.25, 000600, 86, 111, PRDE, 16228, 20, 811.400000, ZIC, 11830, 20, 591.500000, ZIP, 18748, 20, 937.400000, 
trial7_4_1.25, 000600, 85, 122, PRDE, 11028, 20, 551.400000, ZIC, 12896, 20, 644.800000, ZIP, 21413, 20, 1070.650000, 
trial8_4_1.25, 000600, 89, 127, PRDE, 10842, 20, 542.100000, ZIC, 19710, 20, 985.500000, ZIP, 16809, 20, 840.450000, 
trial9_4_1.25, 000600, 94, 103, PRDE, 13728, 20, 686.400000, ZIC, 10673, 20, 533.650000, ZIP, 23289, 20, 1164.450000, 
trial10_4_1.25, 000600, 77, 135, PRDE, 11259, 20, 562.950000, ZIC, 23304, 20, 1165.200000, ZIP, 13297, 20, 664.850000, 
trial11_4_1.25, 000600, 88, 125, PRDE, 15446, 20, 772.300000, ZIC, 19809, 20, 990.450000, ZIP, 13352, 20, 667.600000, 
trial12_4_1.25, 000600, 81, 152, PRDE, 16767, 20, 838.350000, ZIC, 17009, 20, 850.450000, ZIP, 14748, 20, 737.400000, 
trial13_4_1.25, 000600, 49, 128, PRDE, 14360, 20, 718.000000, ZIC, 7984, 20, 399.200000, ZIP, 25748, 20, 1287.400000, 
trial14_4_1.25, 000600, 88, 135, PRDE, 8663, 20, 433.150000, ZIC, 20147, 20, 1007.350000, ZIP, 18480, 20, 924.000000, 
trial15_4_1.25, 000600, 99, 122, PRDE, 15801, 20, 790.050000, ZIC, 11678, 20, 583.900000, ZIP, 20379, 20, 1018.950000, 
trial16_4_1.25, 000600, 100, 121, PRDE, 9016, 20, 450.800000, ZIC, 16318, 20, 815.900000, ZIP, 22792, 20, 1139.600000, 
trial17_4_1.25, 000600, 88, 124, PRDE, 10604, 20, 530.200000, ZIC, 20407, 20, 1020.350000, ZIP, 17782, 20, 889.100000, 
trial18_4_1.25, 000600, 94, 134, PRDE, 22126, 20, 1106.300000, ZIC, 11631, 20, 581.550000, ZIP, 13041, 20, 652.050000, 
trial19_4_1.25, 000600, 101, 110, PRDE, 11739, 20, 586.950000, ZIC, 19375, 20, 968.750000, ZIP, 17717, 20, 885.850000, 
trial20_4_1.25, 000600, 93, 116, PRDE, 16706, 20, 835.300000, ZIC, 18451, 20, 922.550000, ZIP, 11712, 20, 585.600000, 
trial21_4_1.25, 000600, 59, 139, PRDE, 7768, 20, 388.400000, ZIC, 15399, 20, 769.950000, ZIP, 23984, 20, 1199.200000, 
trial22_4_1.25, 000600, 79, 127, PRDE, 12299, 20, 614.950000, ZIC, 18788, 20, 939.400000, ZIP, 18843, 20, 942.150000, 
trial23_4_1.25, 000600, 95, 99, PRDE, 8818, 20, 440.900000, ZIC, 13001, 20, 650.050000, ZIP, 27249, 20, 1362.450000, 
trial24_4_1.25, 000600, 91, 117, PRDE, 12738, 20, 636.900000, ZIC, 12651, 20, 632.550000, ZIP, 22296, 20, 1114.800000, 
trial25_4_1.25, 000600, 104, 152, PRDE, 11147, 20, 557.350000, ZIC, 18378, 20, 918.900000, ZIP, 18355, 20, 917.750000, 
trial26_4_1.25, 000600, 85, 122, PRDE, 9637, 20, 481.850000, ZIC, 21150, 20, 1057.500000, ZIP, 17870, 20, 893.500000, 
trial27_4_1.25, 000600, 83, 127, PRDE, 13664, 20, 683.200000, ZIC, 14729, 20, 736.450000, ZIP, 19753, 20, 987.650000, 
trial28_4_1.25, 000600, 102, 130, PRDE, 8649, 20, 432.450000, ZIC, 17692, 20, 884.600000, ZIP, 18643, 20, 932.150000, 
trial29_4_1.25, 000600, 83, 147, PRDE, 13885, 20, 694.250000, ZIC, 14554, 20, 727.700000, ZIP, 16746, 20, 837.300000, 
trial30_4_1.25, 000600, 93, 118, PRDE, 14150, 20, 707.500000, ZIC, 12342, 20, 617.100000, ZIP, 21462, 20, 1073.100000, 
trial31_4_1.25, 000600, 88, 121, PRDE, 13668, 20, 683.400000, ZIC, 20024, 20, 1001.200000, ZIP, 13325, 20, 666.250000, 
trial32_4_1.25, 000600, 100, 114, PRDE, 11429, 20, 571.450000, ZIC, 21681, 20, 1084.050000, ZIP, 15774, 20, 788.700000, 
trial33_4_1.25, 000600, 117, 128, PRDE, 18558, 20, 927.900000, ZIC, 9230, 20, 461.500000, ZIP, 20724, 20, 1036.200000, 
trial34_4_1.25, 000600, 90, 129, PRDE, 13305, 20, 665.250000, ZIC, 20850, 20, 1042.500000, ZIP, 13885, 20, 694.250000, 
trial35_4_1.25, 000600, 103, 106, PRDE, 13310, 20, 665.500000, ZIC, 17370, 20, 868.500000, ZIP, 16583, 20, 829.150000, 
trial36_4_1.25, 000600, 81, 109, PRDE, 12915, 20, 645.750000, ZIC, 14993, 20, 749.650000, ZIP, 20163, 20, 1008.150000, 
trial37_4_1.25, 000600, 91, 161, PRDE, 6764, 20, 338.200000, ZIC, 15411, 20, 770.550000, ZIP, 23684, 20, 1184.200000, 
trial38_4_1.25, 000600, 103, 146, PRDE, 19501, 20, 975.050000, ZIC, 12616, 20, 630.800000, ZIP, 14661, 20, 733.050000, 
trial39_4_1.25, 000600, 94, 103, PRDE, 9543, 20, 477.150000, ZIC, 19005, 20, 950.250000, ZIP, 19900, 20, 995.000000, 
trial40_4_1.25, 000600, 108, 125, PRDE, 13794, 20, 689.700000, ZIC, 18334, 20, 916.700000, ZIP, 16648, 20, 832.400000, 
trial41_4_1.25, 000600, 116, 124, PRDE, 17300, 20, 865.000000, ZIC, 15080, 20, 754.000000, ZIP, 13213, 20, 660.650000, 
trial42_4_1.25, 000600, 103, 106, PRDE, 13974, 20, 698.700000, ZIC, 12150, 20, 607.500000, ZIP, 21286, 20, 1064.300000, 
trial43_4_1.25, 000600, 100, 148, PRDE, 9853, 20, 492.650000, ZIC, 19495, 20, 974.750000, ZIP, 17690, 20, 884.500000, 
trial44_4_1.25, 000600, 121, 130, PRDE, 12278, 20, 613.900000, ZIC, 16395, 20, 819.750000, ZIP, 20045, 20, 1002.250000, 
trial45_4_1.25, 000600, 91, 130, PRDE, 16249, 20, 812.450000, ZIC, 10451, 20, 522.550000, ZIP, 20264, 20, 1013.200000, 
trial46_4_1.25, 000600, 89, 136, PRDE, 13838, 20, 691.900000, ZIC, 16944, 20, 847.200000, ZIP, 15438, 20, 771.900000, 
trial47_4_1.25, 000600, 83, 117, PRDE, 17122, 20, 856.100000, ZIC, 11224, 20, 561.200000, ZIP, 17113, 20, 855.650000, 
trial48_4_1.25, 000600, 101, 148, PRDE, 11223, 20, 561.150000, ZIC, 16128, 20, 806.400000, ZIP, 20693, 20, 1034.650000, 
trial49_4_1.25, 000600, 95, 122, PRDE, 17526, 20, 876.300000, ZIC, 13994, 20, 699.700000, ZIP, 16152, 20, 807.600000, 
trial0_4_1.5, 000600, 66, 130, PRDE, 18108, 20, 905.400000, ZIC, 16401, 20, 820.050000, ZIP, 12119, 20, 605.950000, 
trial1_4_1.5, 000600, 114, 115, PRDE, 13572, 20, 678.600000, ZIC, 8697, 20, 434.850000, ZIP, 22958, 20, 1147.900000, 
trial2_4_1.5, 000600, 102, 155, PRDE, 8206, 20, 410.300000, ZIC, 11400, 20, 570.000000, ZIP, 25942, 20, 1297.100000, 
trial3_4_1.5, 000600, 103, 122, PRDE, 22049, 20, 1102.450000, ZIC, 15783, 20, 789.150000, ZIP, 10470, 20, 523.500000, 
trial4_4_1.5, 000600, 94, 111, PRDE, 19115, 20, 955.750000, ZIC, 11509, 20, 575.450000, ZIP, 17901, 20, 895.050000, 
trial5_4_1.5, 000600, 106, 117, PRDE, 7956, 20, 397.800000, ZIC, 17465, 20, 873.250000, ZIP, 22236, 20, 1111.800000, 
trial6_4_1.5, 000600, 93, 102, PRDE, 11024, 20, 551.200000, ZIC, 16862, 20, 843.100000, ZIP, 18944, 20, 947.200000, 
trial7_4_1.5, 000600, 81, 111, PRDE, 6442, 20, 322.100000, ZIC, 25936, 20, 1296.800000, ZIP, 15271, 20, 763.550000, 
trial8_4_1.5, 000600, 84, 101, PRDE, 21426, 20, 1071.300000, ZIC, 14111, 20, 705.550000, ZIP, 12385, 20, 619.250000, 
trial9_4_1.5, 000600, 76, 146, PRDE, 16069, 20, 803.450000, ZIC, 16114, 20, 805.700000, ZIP, 16693, 20, 834.650000, 
trial10_4_1.5, 000600, 89, 107, PRDE, 13123, 20, 656.150000, ZIC, 11541, 20, 577.050000, ZIP, 22617, 20, 1130.850000, 
trial11_4_1.5, 000600, 70, 113, PRDE, 20842, 20, 1042.100000, ZIC, 10812, 20, 540.600000, ZIP, 15414, 20, 770.700000, 
trial12_4_1.5, 000600, 76, 120, PRDE, 17862, 20, 893.100000, ZIC, 14969, 20, 748.450000, ZIP, 15685, 20, 784.250000, 
trial13_4_1.5, 000600, 99, 108, PRDE, 14319, 20, 715.950000, ZIC, 17494, 20, 874.700000, ZIP, 16937, 20, 846.850000, 
trial14_4_1.5, 000600, 69, 101, PRDE, 12343, 20, 617.150000, ZIC, 21913, 20, 1095.650000, ZIP, 13712, 20, 685.600000, 
trial15_4_1.5, 000600, 83, 122, PRDE, 11337, 20, 566.850000, ZIC, 20285, 20, 1014.250000, ZIP, 15814, 20, 790.700000, 
trial16_4_1.5, 000600, 100, 134, PRDE, 9432, 20, 471.600000, ZIC, 10990, 20, 549.500000, ZIP, 24428, 20, 1221.400000, 
trial17_4_1.5, 000600, 102, 110, PRDE, 8815, 20, 440.750000, ZIC, 22825, 20, 1141.250000, ZIP, 14638, 20, 731.900000, 
trial18_4_1.5, 000600, 82, 154, PRDE, 20771, 20, 1038.550000, ZIC, 13236, 20, 661.800000, ZIP, 14375, 20, 718.750000, 
trial19_4_1.5, 000600, 77, 103, PRDE, 13511, 20, 675.550000, ZIC, 22859, 20, 1142.950000, ZIP, 9983, 20, 499.150000, 
trial20_4_1.5, 000600, 93, 142, PRDE, 13614, 20, 680.700000, ZIC, 15622, 20, 781.100000, ZIP, 18660, 20, 933.000000, 
trial21_4_1.5, 000600, 95, 105, PRDE, 12846, 20, 642.300000, ZIC, 20087, 20, 1004.350000, ZIP, 15734, 20, 786.700000, 
trial22_4_1.5, 000600, 87, 132, PRDE, 10370, 20, 518.500000, ZIC, 13707, 20, 685.350000, ZIP, 17744, 20, 887.200000, 
trial23_4_1.5, 000600, 93, 116, PRDE, 12458, 20, 622.900000, ZIC, 17032, 20, 851.600000, ZIP, 18356, 20, 917.800000, 
trial24_4_1.5, 000600, 104, 110, PRDE, 14369, 20, 718.450000, ZIC, 15535, 20, 776.750000, ZIP, 18521, 20, 926.050000, 
trial25_4_1.5, 000600, 93, 148, PRDE, 11207, 20, 560.350000, ZIC, 15683, 20, 784.150000, ZIP, 15066, 20, 753.300000, 
trial26_4_1.5, 000600, 87, 140, PRDE, 13602, 20, 680.100000, ZIC, 12921, 20, 646.050000, ZIP, 21209, 20, 1060.450000, 
trial27_4_1.5, 000600, 83, 113, PRDE, 15314, 20, 765.700000, ZIC, 15772, 20, 788.600000, ZIP, 17552, 20, 877.600000, 
trial28_4_1.5, 000600, 99, 128, PRDE, 14383, 20, 719.150000, ZIC, 23212, 20, 1160.600000, ZIP, 7890, 20, 394.500000, 
trial29_4_1.5, 000600, 74, 106, PRDE, 12114, 20, 605.700000, ZIC, 14499, 20, 724.950000, ZIP, 22631, 20, 1131.550000, 
trial30_4_1.5, 000600, 63, 141, PRDE, 15690, 20, 784.500000, ZIC, 14103, 20, 705.150000, ZIP, 18296, 20, 914.800000, 
trial31_4_1.5, 000600, 95, 117, PRDE, 15911, 20, 795.550000, ZIC, 22226, 20, 1111.300000, ZIP, 10114, 20, 505.700000, 
trial32_4_1.5, 000600, 96, 168, PRDE, 15236, 20, 761.800000, ZIC, 13872, 20, 693.600000, ZIP, 18496, 20, 924.800000, 
trial33_4_1.5, 000600, 76, 133, PRDE, 12259, 20, 612.950000, ZIC, 15811, 20, 790.550000, ZIP, 20265, 20, 1013.250000, 
trial34_4_1.5, 000600, 77, 124, PRDE, 19308, 20, 965.400000, ZIC, 12249, 20, 612.450000, ZIP, 17654, 20, 882.700000, 
trial35_4_1.5, 000600, 69, 128, PRDE, 10468, 20, 523.400000, ZIC, 20804, 20, 1040.200000, ZIP, 18190, 20, 909.500000, 
trial36_4_1.5, 000600, 95, 144, PRDE, 12805, 20, 640.250000, ZIC, 20393, 20, 1019.650000, ZIP, 15899, 20, 794.950000, 
trial37_4_1.5, 000600, 102, 118, PRDE, 15405, 20, 770.250000, ZIC, 14956, 20, 747.800000, ZIP, 16840, 20, 842.000000, 
trial38_4_1.5, 000600, 93, 142, PRDE, 14400, 20, 720.000000, ZIC, 16658, 20, 832.900000, ZIP, 15838, 20, 791.900000, 
trial39_4_1.5, 000600, 89, 101, PRDE, 17219, 20, 860.950000, ZIC, 14236, 20, 711.800000, ZIP, 16406, 20, 820.300000, 
trial40_4_1.5, 000600, 92, 107, PRDE, 11809, 20, 590.450000, ZIC, 19247, 20, 962.350000, ZIP, 18387, 20, 919.350000, 
trial41_4_1.5, 000600, 93, 122, PRDE, 11009, 20, 550.450000, ZIC, 15686, 20, 784.300000, ZIP, 20787, 20, 1039.350000, 
trial42_4_1.5, 000600, 95, 121, PRDE, 18307, 20, 915.350000, ZIC, 14999, 20, 749.950000, ZIP, 16479, 20, 823.950000, 
trial43_4_1.5, 000600, 78, 100, PRDE, 13227, 20, 661.350000, ZIC, 15279, 20, 763.950000, ZIP, 19194, 20, 959.700000, 
trial44_4_1.5, 000600, 84, 135, PRDE, 20342, 20, 1017.100000, ZIC, 11692, 20, 584.600000, ZIP, 16029, 20, 801.450000, 
trial45_4_1.5, 000600, 99, 111, PRDE, 14498, 20, 724.900000, ZIC, 12824, 20, 641.200000, ZIP, 19249, 20, 962.450000, 
trial46_4_1.5, 000600, 101, 129, PRDE, 14822, 20, 741.100000, ZIC, 16652, 20, 832.600000, ZIP, 16870, 20, 843.500000, 
trial47_4_1.5, 000600, 101, 110, PRDE, 15607, 20, 780.350000, ZIC, 14800, 20, 740.000000, ZIP, 16521, 20, 826.050000, 
trial48_4_1.5, 000600, 83, 98, PRDE, 11009, 20, 550.450000, ZIC, 16004, 20, 800.200000, ZIP, 22791, 20, 1139.550000, 
trial49_4_1.5, 000600, 102, 121, PRDE, 16641, 20, 832.050000, ZIC, 8745, 20, 437.250000, ZIP, 20491, 20, 1024.550000, 
trial0_6_0.25, 000600, 101, 102, PRDE, 11783, 20, 589.150000, ZIC, 19437, 20, 971.850000, ZIP, 15541, 20, 777.050000, 
trial1_6_0.25, 000600, 77, 141, PRDE, 11605, 20, 580.250000, ZIC, 22636, 20, 1131.800000, ZIP, 15900, 20, 795.000000, 
trial2_6_0.25, 000600, 80, 126, PRDE, 14449, 20, 722.450000, ZIC, 17251, 20, 862.550000, ZIP, 14234, 20, 711.700000, 
trial3_6_0.25, 000600, 72, 169, PRDE, 13468, 20, 673.400000, ZIC, 14273, 20, 713.650000, ZIP, 22068, 20, 1103.400000, 
trial4_6_0.25, 000600, 93, 121, PRDE, 11853, 20, 592.650000, ZIC, 19874, 20, 993.700000, ZIP, 15213, 20, 760.650000, 
trial5_6_0.25, 000600, 81, 127, PRDE, 11701, 20, 585.050000, ZIC, 17271, 20, 863.550000, ZIP, 18184, 20, 909.200000, 
trial6_6_0.25, 000600, 114, 118, PRDE, 10117, 20, 505.850000, ZIC, 9594, 20, 479.700000, ZIP, 25049, 20, 1252.450000, 
trial7_6_0.25, 000600, 72, 147, PRDE, 14941, 20, 747.050000, ZIC, 13381, 20, 669.050000, ZIP, 17707, 20, 885.350000, 
trial8_6_0.25, 000600, 61, 134, PRDE, 14131, 20, 706.550000, ZIC, 10946, 20, 547.300000, ZIP, 19504, 20, 975.200000, 
trial9_6_0.25, 000600, 109, 114, PRDE, 15080, 20, 754.000000, ZIC, 13346, 20, 667.300000, ZIP, 18389, 20, 919.450000, 
trial10_6_0.25, 000600, 74, 79, PRDE, 14699, 20, 734.950000, ZIC, 16895, 20, 844.750000, ZIP, 15817, 20, 790.850000, 
trial11_6_0.25, 000600, 83, 119, PRDE, 23607, 20, 1180.350000, ZIC, 5507, 20, 275.350000, ZIP, 18238, 20, 911.900000, 
trial12_6_0.25, 000600, 89, 122, PRDE, 17415, 20, 870.750000, ZIC, 10989, 20, 549.450000, ZIP, 18469, 20, 923.450000, 
trial13_6_0.25, 000600, 97, 148, PRDE, 15312, 20, 765.600000, ZIC, 16613, 20, 830.650000, ZIP, 12891, 20, 644.550000, 
trial14_6_0.25, 000600, 103, 118, PRDE, 16832, 20, 841.600000, ZIC, 15029, 20, 751.450000, ZIP, 17848, 20, 892.400000, 
trial15_6_0.25, 000600, 95, 96, PRDE, 10315, 20, 515.750000, ZIC, 17752, 20, 887.600000, ZIP, 19733, 20, 986.650000, 
trial16_6_0.25, 000600, 91, 144, PRDE, 12283, 20, 614.150000, ZIC, 24316, 20, 1215.800000, ZIP, 11376, 20, 568.800000, 
trial17_6_0.25, 000600, 106, 108, PRDE, 14072, 20, 703.600000, ZIC, 13881, 20, 694.050000, ZIP, 20767, 20, 1038.350000, 
trial18_6_0.25, 000600, 91, 98, PRDE, 15268, 20, 763.400000, ZIC, 13274, 20, 663.700000, ZIP, 17398, 20, 869.900000, 
trial19_6_0.25, 000600, 98, 152, PRDE, 13168, 20, 658.400000, ZIC, 12756, 20, 637.800000, ZIP, 20766, 20, 1038.300000, 
trial20_6_0.25, 000600, 85, 140, PRDE, 20715, 20, 1035.750000, ZIC, 16531, 20, 826.550000, ZIP, 9723, 20, 486.150000, 
trial21_6_0.25, 000600, 110, 122, PRDE, 9791, 20, 489.550000, ZIC, 14440, 20, 722.000000, ZIP, 21591, 20, 1079.550000, 
trial22_6_0.25, 000600, 91, 141, PRDE, 14596, 20, 729.800000, ZIC, 12367, 20, 618.350000, ZIP, 22207, 20, 1110.350000, 
trial23_6_0.25, 000600, 108, 127, PRDE, 17651, 20, 882.550000, ZIC, 12804, 20, 640.200000, ZIP, 16976, 20, 848.800000, 
trial24_6_0.25, 000600, 98, 123, PRDE, 11684, 20, 584.200000, ZIC, 19347, 20, 967.350000, ZIP, 18077, 20, 903.850000, 
trial25_6_0.25, 000600, 106, 128, PRDE, 14448, 20, 722.400000, ZIC, 13273, 20, 663.650000, ZIP, 18618, 20, 930.900000, 
trial26_6_0.25, 000600, 68, 158, PRDE, 11977, 20, 598.850000, ZIC, 18316, 20, 915.800000, ZIP, 18751, 20, 937.550000, 
trial27_6_0.25, 000600, 108, 119, PRDE, 7812, 20, 390.600000, ZIC, 19767, 20, 988.350000, ZIP, 20771, 20, 1038.550000, 
trial28_6_0.25, 000600, 75, 146, PRDE, 10860, 20, 543.000000, ZIC, 19232, 20, 961.600000, ZIP, 17511, 20, 875.550000, 
trial29_6_0.25, 000600, 95, 127, PRDE, 18878, 20, 943.900000, ZIC, 15100, 20, 755.000000, ZIP, 13114, 20, 655.700000, 
trial30_6_0.25, 000600, 102, 139, PRDE, 11351, 20, 567.550000, ZIC, 14413, 20, 720.650000, ZIP, 22379, 20, 1118.950000, 
trial31_6_0.25, 000600, 91, 141, PRDE, 15171, 20, 758.550000, ZIC, 14323, 20, 716.150000, ZIP, 18356, 20, 917.800000, 
trial32_6_0.25, 000600, 77, 86, PRDE, 14041, 20, 702.050000, ZIC, 9368, 20, 468.400000, ZIP, 25236, 20, 1261.800000, 
trial33_6_0.25, 000600, 94, 147, PRDE, 10895, 20, 544.750000, ZIC, 21672, 20, 1083.600000, ZIP, 16543, 20, 827.150000, 
trial34_6_0.25, 000600, 82, 141, PRDE, 20262, 20, 1013.100000, ZIC, 11606, 20, 580.300000, ZIP, 14486, 20, 724.300000, 
trial35_6_0.25, 000600, 114, 124, PRDE, 10456, 20, 522.800000, ZIC, 15065, 20, 753.250000, ZIP, 19331, 20, 966.550000, 
trial36_6_0.25, 000600, 82, 111, PRDE, 9639, 20, 481.950000, ZIC, 20606, 20, 1030.300000, ZIP, 17712, 20, 885.600000, 
trial37_6_0.25, 000600, 95, 106, PRDE, 21854, 20, 1092.700000, ZIC, 13438, 20, 671.900000, ZIP, 11817, 20, 590.850000, 
trial38_6_0.25, 000600, 76, 97, PRDE, 18382, 20, 919.100000, ZIC, 16910, 20, 845.500000, ZIP, 13146, 20, 657.300000, 
trial39_6_0.25, 000600, 87, 104, PRDE, 13376, 20, 668.800000, ZIC, 19570, 20, 978.500000, ZIP, 15857, 20, 792.850000, 
trial40_6_0.25, 000600, 89, 121, PRDE, 13547, 20, 677.350000, ZIC, 14739, 20, 736.950000, ZIP, 19858, 20, 992.900000, 
trial41_6_0.25, 000600, 91, 121, PRDE, 17280, 20, 864.000000, ZIC, 11714, 20, 585.700000, ZIP, 15921, 20, 796.050000, 
trial42_6_0.25, 000600, 77, 136, PRDE, 13036, 20, 651.800000, ZIC, 20885, 20, 1044.250000, ZIP, 12322, 20, 616.100000, 
trial43_6_0.25, 000600, 85, 96, PRDE, 13195, 20, 659.750000, ZIC, 13856, 20, 692.800000, ZIP, 20718, 20, 1035.900000, 
trial44_6_0.25, 000600, 81, 104, PRDE, 17065, 20, 853.250000, ZIC, 11675, 20, 583.750000, ZIP, 19678, 20, 983.900000, 
trial45_6_0.25, 000600, 64, 128, PRDE, 10065, 20, 503.250000, ZIC, 12142, 20, 607.100000, ZIP, 25138, 20, 1256.900000, 
trial46_6_0.25, 000600, 87, 132, PRDE, 15252, 20, 762.600000, ZIC, 16453, 20, 822.650000, ZIP, 16354, 20, 817.700000, 
trial47_6_0.25, 000600, 96, 109, PRDE, 16313, 20, 815.650000, ZIC, 16038, 20, 801.900000, ZIP, 14534, 20, 726.700000, 
trial48_6_0.25, 000600, 102, 127, PRDE, 12202, 20, 610.100000, ZIC, 13161, 20, 658.050000, ZIP, 23214, 20, 1160.700000, 
trial49_6_0.25, 000600, 83, 145, PRDE, 21554, 20, 1077.700000, ZIC, 14324, 20, 716.200000, ZIP, 10467, 20, 523.350000, 
trial0_6_0.5, 000600, 88, 133, PRDE, 18915, 20, 945.750000, ZIC, 7430, 20, 371.500000, ZIP, 21777, 20, 1088.850000, 
trial1_6_0.5, 000600, 101, 111, PRDE, 12561, 20, 628.050000, ZIC, 18263, 20, 913.150000, ZIP, 16348, 20, 817.400000, 
trial2_6_0.5, 000600, 87, 150, PRDE, 17579, 20, 878.950000, ZIC, 14800, 20, 740.000000, ZIP, 15266, 20, 763.300000, 
trial3_6_0.5, 000600, 115, 137, PRDE, 15279, 20, 763.950000, ZIC, 9103, 20, 455.150000, ZIP, 19738, 20, 986.900000, 
trial4_6_0.5, 000600, 87, 135, PRDE, 16285, 20, 814.250000, ZIC, 12246, 20, 612.300000, ZIP, 19649, 20, 982.450000, 
trial5_6_0.5, 000600, 78, 116, PRDE, 11060, 20, 553.000000, ZIC, 19379, 20, 968.950000, ZIP, 16604, 20, 830.200000, 
trial6_6_0.5, 000600, 70, 115, PRDE, 15451, 20, 772.550000, ZIC, 16436, 20, 821.800000, ZIP, 18629, 20, 931.450000, 
trial7_6_0.5, 000600, 107, 138, PRDE, 10917, 20, 545.850000, ZIC, 14198, 20, 709.900000, ZIP, 23412, 20, 1170.600000, 
trial8_6_0.5, 000600, 82, 114, PRDE, 15838, 20, 791.900000, ZIC, 14306, 20, 715.300000, ZIP, 15697, 20, 784.850000, 
trial9_6_0.5, 000600, 90, 107, PRDE, 16824, 20, 841.200000, ZIC, 15783, 20, 789.150000, ZIP, 14277, 20, 713.850000, 
trial10_6_0.5, 000600, 83, 121, PRDE, 13363, 20, 668.150000, ZIC, 17644, 20, 882.200000, ZIP, 16256, 20, 812.800000, 
trial11_6_0.5, 000600, 124, 140, PRDE, 12094, 20, 604.700000, ZIC, 21987, 20, 1099.350000, ZIP, 13947, 20, 697.350000, 
trial12_6_0.5, 000600, 94, 111, PRDE, 15210, 20, 760.500000, ZIC, 13598, 20, 679.900000, ZIP, 18150, 20, 907.500000, 
